evaluacion,bloque,horas,inicio,fin
1ª,UD1: fundamentos y scripting,24,2026-09-10,2026-10-20
1ª,UD2: procesos y servicios,8,2026-10-22,2026-11-03
1ª,UD3: directorio,16,2026-11-05,2026-12-01
1ª,Prueba y recuperación,4,2026-12-03,2026-12-10
2ª,UD4: integración en red,16,2026-12-15,2027-01-21
2ª,UD5: automatización,16,2027-01-26,2027-02-18
2ª,UD6: administración remota,8,2027-02-23,2027-03-04
2ª,UD7: impresión,4,2027-03-09,2027-03-11
2ª,"Prueba, recuperación y cierre",6,2027-03-16,2027-03-23
